,continent,country,gdpPercap_1952,gdpPercap_1957,gdpPercap_1962,gdpPercap_1967,gdpPercap_1972,gdpPercap_1977,gdpPercap_1982,gdpPercap_1987,gdpPercap_1992,gdpPercap_1997,gdpPercap_2002,gdpPercap_2007
0,Americas,Argentina,5911.315053,6856.856212,7133.166023,8052.953021,9443.038526,10079.02674,8997.897412,9139.671389,9308.41871,10967.28195,8797.640716,12779.37964
1,Americas,Bolivia,2677.326347,2127.686326,2180.972546,2586.886053,2980.331339,3548.097832,3156.510452,2753.69149,2961.699694,3326.143191,3413.26269,3822.137084
2,Americas,Brazil,2108.944355,2487.365989,3336.585802,3429.864357,4985.711467,6660.118654,7030.835878,7807.095818,6950.283021,7957.980824,8131.212843,9065.800825
